,Tag SNP,Functional SNP,Population,R2,D',Continent
64,rs8176720,rs8176746,FIN,0.3978,1.0,EUR
65,rs8176720,rs8176746,KHV,0.2194,1.0,EAS
67,rs8176720,rs8176746,CEU,0.1361,1.0,EUR
68,rs8176720,rs8176746,TSI,0.1599,1.0,EUR
69,rs8176720,rs8176746,CDX,0.2017,1.0,EAS
70,rs8176720,rs8176746,GBR,0.1007,1.0,EUR
71,rs8176720,rs8176746,ITU,0.3328,0.9614,SAS
73,rs8176720,rs8176746,GIH,0.4103,1.0,SAS
74,rs8176720,rs8176746,PJL,0.4406,1.0,SAS
75,rs8176720,rs8176746,BEB,0.363,1.0,SAS
76,rs8176720,rs8176746,STU,0.2255,1.0,SAS
77,rs8176720,rs8176746,CHS,0.2779,1.0,EAS
78,rs8176720,rs8176746,IBS,0.1503,1.0,EUR
79,rs8176720,rs8176746,JPT,0.2414,1.0,EAS
80,rs8176720,rs8176746,ASW,0.142,1.0,AFR
83,rs8176720,rs8176746,YRI,0.2489,1.0,AFR
84,rs8176720,rs8176746,LWK,0.1928,1.0,AFR
85,rs8176720,rs8176746,GWD,0.2189,1.0,AFR
86,rs8176720,rs8176746,MSL,0.2388,1.0,AFR
87,rs8176720,rs8176746,ESN,0.1898,1.0,AFR
89,rs8176720,rs8176746,ACB,0.2199,0.9461,AFR
90,rs8176720,rs8176746,PEL,0.0222,1.0,AMR
91,rs8176720,rs8176746,CLM,0.0122,1.0,AMR
92,rs8176720,rs8176746,CHB,0.3454,1.0,EAS
93,rs8176720,rs8176746,MXL,0.0874,1.0,AMR
95,rs8176720,rs8176746,PUR,0.1155,1.0,AMR
